time,air-temp-max-degc,rainfall-mm,relative-humidity-max-pct,wind-speed-max-ms
2/1/2022 0:00,8.22,0,88.8,1.993
2/1/2022 0:10,8.02,0,87.4,3.234
2/1/2022 0:20,7.068,0,88.8,3.299
2/1/2022 0:30,7.238,0,89.2,2.809
2/1/2022 0:40,7.547,0,89.4,1.176
2/1/2022 0:50,7.99,0,89.4,2.091
2/1/2022 1:00,8.5,0,89.5,2.515
2/1/2022 1:10,7.855,0,88.7,3.855
2/1/2022 1:20,7.207,0,89.1,4.247
2/1/2022 1:30,7.956,0,88,3.887
2/1/2022 1:40,7.617,0,85.6,1.895
2/1/2022 1:50,7.754,0,85.6,2.123
2/1/2022 2:00,7.822,0,84.1,1.699
2/1/2022 2:10,7.211,0,86.3,2.515
2/1/2022 2:20,7.143,0,86.5,2.319
2/1/2022 2:30,7.619,0,85.2,1.503
2/1/2022 2:40,7.415,0,84.6,1.993
2/1/2022 2:50,7.279,0,84.6,2.45
2/1/2022 3:00,6.599,0,87.6,2.613
2/1/2022 3:10,6.735,0,88.5,3.855
2/1/2022 3:20,6.667,0,90.1,3.365
2/1/2022 3:30,6.463,0,89.5,3.332
2/1/2022 3:40,6.122,0,90.8,2.646
2/1/2022 3:50,6.463,0,92.4,1.96
2/1/2022 4:00,6.633,0,92.9,2.613
2/1/2022 4:10,6.939,0,92.5,2.45
2/1/2022 4:20,6.667,0,92.6,2.548
2/1/2022 4:30,6.667,0,93.2,2.352
2/1/2022 4:40,6.803,0,93.1,2.417
2/1/2022 4:50,6.735,0,93.8,2.156
2/1/2022 5:00,7.313,0,93.9,2.548
2/1/2022 5:10,7.075,0,94.3,4.018
2/1/2022 5:20,6.258,0,95.4,3.92
2/1/2022 5:30,7.619,0,95.4,2.613
2/1/2022 5:40,7.415,0,92.7,2.548
2/1/2022 5:50,7.687,0,92.2,3.071
2/1/2022 6:00,6.531,0,91.9,2.809
2/1/2022 6:10,6.395,0,91.7,3.855
2/1/2022 6:20,6.19,0,94.6,3.201
2/1/2022 6:30,7.959,0,94.7,3.822
2/1/2022 6:40,7.483,0,93.4,3.103
2/1/2022 6:50,7.211,0,92.4,3.103
2/1/2022 7:00,7.075,0,91.3,2.973
2/1/2022 7:10,6.803,0,90.6,3.103
2/1/2022 7:20,5.85,0,89.7,2.842
2/1/2022 7:30,6.599,0,88.7,2.907
2/1/2022 7:40,7.143,0,81.1,3.855
2/1/2022 7:50,6.871,0,83.3,3.561
2/1/2022 8:00,6.531,0,82.3,3.234
2/1/2022 8:10,6.599,0,82.6,2.581
2/1/2022 8:20,7.823,0,76.46,1.96
2/1/2022 8:30,7.891,0,77.28,3.463
2/1/2022 8:40,8.78,0,71.02,2.907
2/1/2022 8:50,10.06,0,61.29,3.43
2/1/2022 9:00,10.54,0,45.23,3.626
2/1/2022 9:10,11.04,0,41.9,3.136
2/1/2022 9:20,11.68,0,39.17,3.201
2/1/2022 9:30,12.09,0,42.77,2.679
2/1/2022 9:40,12.16,0,37.95,3.561
2/1/2022 9:50,12.09,0,36.18,3.659
2/1/2022 10:00,12.62,0,37.46,2.646
2/1/2022 10:10,12.89,0,43.44,2.025
2/1/2022 10:20,12.69,0,40.93,5.292
2/1/2022 10:30,12.21,0,41.57,4.639
2/1/2022 10:40,11.97,0,51.12,6.011
2/1/2022 10:50,11.73,0,54.72,5.39
2/1/2022 11:00,11.8,0,52.89,4.9
2/1/2022 11:10,12.72,0,51.46,6.337
2/1/2022 11:20,13.16,0,48.47,8
2/1/2022 11:30,14.18,0,26.04,7.35
2/1/2022 11:40,14.11,0,24.34,6.795
2/1/2022 11:50,14.38,0,25.08,8.04
2/1/2022 12:00,14.59,0,25.76,10.13
2/1/2022 12:10,14.66,0,26.17,9.05
2/1/2022 12:20,15,0,26.24,7.644
2/1/2022 12:30,14.93,0,25.08,8.79
2/1/2022 12:40,14.93,0,25.97,8.59
2/1/2022 12:50,14.93,0,27.12,11.43
2/1/2022 13:00,14.93,0,30.38,7.317
2/1/2022 13:10,15.4,0,27.19,8.66
2/1/2022 13:20,15.16,0,26.51,9.28
2/1/2022 13:30,15.47,0,24.88,7.383
2/1/2022 13:40,15.6,0,24.95,7.154
2/1/2022 13:50,15.4,0,24.2,7.023
2/1/2022 14:00,15.94,0,27.12,8.46
2/1/2022 14:10,15.6,0,23.72,6.795
2/1/2022 14:20,16.35,0,26.78,5.227
2/1/2022 14:30,16.41,0,23.79,9.18
2/1/2022 14:40,16.01,0,22.97,7.807
2/1/2022 14:50,16.11,0,24.06,9.54
2/1/2022 15:00,15.87,0,21.07,8.69
2/1/2022 15:10,15.94,0,21.21,8.07
2/1/2022 15:20,16.01,0,21.14,10.06
2/1/2022 15:30,15.94,0,20.59,6.795
2/1/2022 15:40,16.21,0,21.61,7.971
2/1/2022 15:50,15.8,0,20.25,7.481
2/1/2022 16:00,15.87,0,20.8,6.958
2/1/2022 16:10,15.9,0,21.27,6.076
2/1/2022 16:20,16.01,0,22.97,5.129
2/1/2022 16:30,15.87,0,23.82,4.214
2/1/2022 16:40,15.73,0,21.48,4.475
2/1/2022 16:50,15.53,0,21.82,3.299
2/1/2022 17:00,15.6,0,23.45,2.842
2/1/2022 17:10,15.26,0,21.95,4.9
2/1/2022 17:20,15.06,0,21.68,3.724
2/1/2022 17:30,14.72,0,21.41,2.515
2/1/2022 17:40,14.59,0,24.95,4.149
2/1/2022 17:50,14.08,0,23.86,4.606
2/1/2022 18:00,14.08,0,27.33,4.998
2/1/2022 18:10,13.16,0,25.9,4.247
2/1/2022 18:20,13.2,0,28.01,3.985
2/1/2022 18:30,13.37,0,33.38,3.463
2/1/2022 18:40,13.16,0,30.32,5.847
2/1/2022 18:50,12.62,0,30.12,4.345
2/1/2022 19:00,13.34,0,27.57,4.573
2/1/2022 19:10,12.69,0,30.05,4.149
2/1/2022 19:20,13.38,0,29.17,5.096
2/1/2022 19:30,13.38,0,27.13,4.769
2/1/2022 19:40,12.84,0,31.42,3.169
2/1/2022 19:50,11.89,0,38.83,3.267
2/1/2022 20:00,12.47,0,38.08,5.259
2/1/2022 20:10,12.09,0,35.43,3.855
2/1/2022 20:20,11.99,0,44.07,3.005
2/1/2022 20:30,12.64,0,44.13,5.325
2/1/2022 20:40,12.43,0,35.5,4.443
2/1/2022 20:50,12.67,0,36.72,3.169
2/1/2022 21:00,12.7,0,32.23,3.953
2/1/2022 21:10,13.25,0,28.02,3.659
2/1/2022 21:20,13.25,0,28.63,3.005
2/1/2022 21:30,13.79,0,26.11,3.985
2/1/2022 21:40,13.45,0,28.94,1.993
2/1/2022 21:50,13.55,0,22.58,3.822
2/1/2022 22:00,13.66,0,19.99,4.247
2/1/2022 22:10,12.87,0,19.45,3.92
2/1/2022 22:20,13.18,0,19.31,3.887
2/1/2022 22:30,12.91,0,21.01,5.227
2/1/2022 22:40,12.91,0,21.15,4.443
2/1/2022 22:50,12.43,0,22.58,4.443
2/1/2022 23:00,12.98,0,21.42,4.9
2/1/2022 23:10,12.98,0,19.18,4.247
2/1/2022 23:20,13.18,0,28.7,3.267
2/1/2022 23:30,13.38,0,30.74,2.973
2/1/2022 23:40,12.33,0,27.41,4.149
2/1/2022 23:50,13.04,0,29.72,3.561
2/2/2022 0:00,12.64,0,29.65,2.679
2/2/2022 0:10,12.43,0,23.87,5.619
2/2/2022 0:20,12.64,0,19.59,5.129
2/2/2022 0:30,12.91,0,19.72,5.913
2/2/2022 0:40,13.52,0,18.29,6.501
2/2/2022 0:50,13.52,0,18.02,6.174
2/2/2022 1:00,13.15,0,18.5,4.247
2/2/2022 1:10,12.84,0,18.63,3.757
2/2/2022 1:20,12.7,0,19.18,3.136
2/2/2022 1:30,12.16,0,28.7,1.633
2/2/2022 1:40,12.06,0,27.81,1.437
2/2/2022 1:50,12.33,0,19.86,1.666
2/2/2022 2:00,12.13,0,20.4,3.136
2/2/2022 2:10,12.19,0,20.27,3.038
2/2/2022 2:20,12.5,0,20.13,3.659
2/2/2022 2:30,12.67,0,20.4,5.063
2/2/2022 2:40,12.91,0,18.97,3.887
2/2/2022 2:50,12.84,0,23.84,3.855
2/2/2022 3:00,12.91,0,25.64,2.287
2/2/2022 3:10,12.84,0,28.49,3.691
2/2/2022 3:20,13.11,0,23.9,3.071
2/2/2022 3:30,13.59,0,27.54,4.116
2/2/2022 3:40,13.79,0,32.1,4.9
2/2/2022 3:50,13.86,0,24.55,4.181
2/2/2022 4:00,13.79,0,25.16,4.377
2/2/2022 4:10,14,0,23.6,7.448
2/2/2022 4:20,14.13,0,18.57,8.36
2/2/2022 4:30,14.2,0,14.96,12.15
2/2/2022 4:40,14.3,0,14.89,12.67
2/2/2022 4:50,14.4,0,15.1,15.97
2/2/2022 5:00,14.13,0,15.84,13.2
2/2/2022 5:10,14.27,0,15.71,15.91
2/2/2022 5:20,14.12,0,15.91,14.44
2/2/2022 5:30,14.12,0,15.94,12.97
2/2/2022 5:40,14.25,0,15.64,12.58
2/2/2022 5:50,14.12,0,16.08,14.67
2/2/2022 6:00,13.98,0,16.32,12.32
2/2/2022 6:10,13.88,0,16.86,14.34
2/2/2022 6:20,13.84,0,17.06,12.9
2/2/2022 6:30,13.91,0,16.86,13.13
2/2/2022 6:40,13.98,0,16.93,14.28
2/2/2022 6:50,14.05,0,17,15.03
2/2/2022 7:00,13.91,0,17.34,14.5
2/2/2022 7:10,13.77,0,18.56,12.18
2/2/2022 7:20,13.71,0,19.31,9.05
2/2/2022 7:30,13.64,0,19.31,9.6
2/2/2022 7:40,13.91,0,18.9,11.37
2/2/2022 7:50,13.98,0,18.49,15.84
2/2/2022 8:00,13.98,0,18.02,14.47
2/2/2022 8:10,13.98,0,18.36,10.98
2/2/2022 8:20,14.05,0,21.01,10.09
2/2/2022 8:30,13.98,0,20.4,7.383
2/2/2022 8:40,14.05,0,23.96,8.3
2/2/2022 8:50,14.25,0,22.5,6.207
2/2/2022 9:00,14.45,0,23.59,7.023
2/2/2022 9:10,14.39,0,21.96,9.38
2/2/2022 9:20,14.69,0,22.64,8.1
2/2/2022 9:30,14.86,0,22.98,6.109
2/2/2022 9:40,14.96,0,23.52,8.72
2/2/2022 9:50,15.2,0,22.77,9.44
2/2/2022 10:00,15.2,0,22.3,9.51
2/2/2022 10:10,15.2,0,19.75,10.81
2/2/2022 10:20,15.27,0,19.85,11.89
2/2/2022 10:30,15.54,0,20.53,9.67
2/2/2022 10:40,15.81,0,21.48,8.75
2/2/2022 10:50,15.74,0,21.69,8.33
2/2/2022 11:00,15.81,0,22.5,9.93
2/2/2022 11:10,15.74,0,20.33,11.11
2/2/2022 11:20,15.87,0,20.66,10.88
2/2/2022 11:30,15.74,0,20.12,11.4
2/2/2022 11:40,15.94,0,20.97,12.81
2/2/2022 11:50,16.28,0,21.04,10.58
2/2/2022 12:00,16.41,0,20.66,8.46
2/2/2022 12:10,16.55,0,20.46,10.13
2/2/2022 12:20,16.75,0,20.66,10
2/2/2022 12:30,17.03,0,19.3,8.62
2/2/2022 12:40,16.72,0,18.62,8.69
2/2/2022 12:50,16.96,0,18.76,9.83
2/2/2022 13:00,16.79,0,18.08,12.67
2/2/2022 13:10,17.06,0,18.42,11.43
2/2/2022 13:20,16.89,0,17.6,9.54
2/2/2022 13:30,17.23,0,17.88,9.44
2/2/2022 13:40,17.77,0,19.3,7.611
2/2/2022 13:50,17.64,0,17.4,8
2/2/2022 14:00,17.3,0,18.35,10.42
2/2/2022 14:10,17.23,0,18.08,9.31
2/2/2022 14:20,17.37,0,17.81,8.85
2/2/2022 14:30,17.37,0,16.92,9.51
2/2/2022 14:40,17.37,0,17.54,10.03
2/2/2022 14:50,17.37,0,17.98,7.252
2/2/2022 15:00,17.64,0,17.6,7.775
2/2/2022 15:10,17.6,0,20.66,8.59
2/2/2022 15:20,17.23,0,17.6,11.89
2/2/2022 15:30,17.43,0,17.06,7.677
2/2/2022 15:40,17.64,0,17.84,5.651
2/2/2022 15:50,17.71,0,18.45,6.109
2/2/2022 16:00,17.23,0,17.26,6.827
2/2/2022 16:10,17.43,0,19.71,4.769
2/2/2022 16:20,17.23,0,17.2,7.023
2/2/2022 16:30,16.82,0,17.81,7.546
2/2/2022 16:40,16.82,0,18.22,4.704
2/2/2022 16:50,16.89,0,18.76,3.332
2/2/2022 17:00,16.79,0,19.37,3.593
2/2/2022 17:10,16.69,0,27.46,2.058
2/2/2022 17:20,16.48,0,25.22,5.357
2/2/2022 17:30,16.07,0,25.15,4.116
2/2/2022 17:40,16.01,0,21.07,4.116
2/2/2022 17:50,15.46,0,22.02,3.201
2/2/2022 18:00,15.2,0,22.02,1.862
2/2/2022 18:10,15.3,0,30.32,3.201
2/2/2022 18:20,15.44,0,25.08,3.169
2/2/2022 18:30,14.45,0,24.34,2.548
2/2/2022 18:40,14.72,0,24.41,1.176
2/2/2022 18:50,14.45,0,24.61,1.339
2/2/2022 19:00,14.73,0,24.24,1.47
2/2/2022 19:10,14.25,0,28.62,1.339
2/2/2022 19:20,12.62,0,32.43,1.927
2/2/2022 19:30,13.64,0,29.84,1.535
2/2/2022 19:40,13.03,0,28.15,1.503
2/2/2022 19:50,12.83,0,39.78,2.123
2/2/2022 20:00,11.61,0,39.37,2.058
2/2/2022 20:10,11.95,0,37.54,1.829
2/2/2022 20:20,11.48,0,36.86,1.111
2/2/2022 20:30,11.34,0,44.37,1.372
2/2/2022 20:40,11.38,0,47.33,1.437
2/2/2022 20:50,11.28,0,39.51,2.385
2/2/2022 21:00,11.11,0,41.96,2.45
2/2/2022 21:10,11.65,0,44,2.646
2/2/2022 21:20,10.29,0,46.92,1.699
2/2/2022 21:30,11.45,0,43.56,2.842
2/2/2022 21:40,11.96,0,42.3,2.319
2/2/2022 21:50,11,0,46.11,2.091
2/2/2022 22:00,11.28,0,46.04,3.561
2/2/2022 22:10,10.73,0,45.97,2.711
2/2/2022 22:20,10.66,0,47.06,2.548
2/2/2022 22:30,10.19,0,46.11,3.365
2/2/2022 22:40,10.15,0,45.19,2.711
2/2/2022 22:50,10.26,0,42.71,2.058
2/2/2022 23:00,10.36,0,51.55,3.136
2/2/2022 23:10,8.9,0,48.42,3.005
2/2/2022 23:20,8.83,0,44.61,3.724
2/2/2022 23:30,8.97,0,41.69,3.267
2/2/2022 23:40,9.58,0,43.33,3.757
2/2/2022 23:50,9.65,0,46.39,3.593
2/3/2022 0:00,9.04,0,47.47,3.561
2/3/2022 0:10,8.56,0,52.37,3.593
2/3/2022 0:20,8.97,0,54.89,3.561
2/3/2022 0:30,8.87,0,56.59,2.287
2/3/2022 0:40,9.11,0,57.27,2.287
2/3/2022 0:50,8.97,0,59.72,3.038
2/3/2022 1:00,8.67,0,59.79,3.365
2/3/2022 1:10,8.84,0,60.98,3.038
2/3/2022 1:20,8.7,0,60.81,2.94
2/3/2022 1:30,8.84,0,58.49,2.711
2/3/2022 1:40,8.77,0,59.41,3.626
2/3/2022 1:50,8.7,0,58.36,3.332
2/3/2022 2:00,8.43,0,59.92,3.103
2/3/2022 2:10,8.09,0,63.53,3.561
2/3/2022 2:20,6.863,0,65.57,3.267
2/3/2022 2:30,7.069,0,63.12,3.136
2/3/2022 2:40,7.207,0,63.4,3.234
2/3/2022 2:50,6.629,0,66.73,3.495
2/3/2022 3:00,7.21,0,67.07,3.724
2/3/2022 3:10,7.415,0,61.29,3.528
2/3/2022 3:20,7.007,0,57.21,3.626
2/3/2022 3:30,7.041,0,57.96,3.365
2/3/2022 3:40,7.483,0,54.42,3.267
2/3/2022 3:50,7.755,0,57.96,4.345
2/3/2022 4:00,8.98,0,57.35,3.887
2/3/2022 4:10,7.755,0,56.97,3.463
2/3/2022 4:20,7.619,0,50.82,3.103
2/3/2022 4:30,8.03,0,59.59,3.234
2/3/2022 4:40,7.347,0,60.68,2.417
2/3/2022 4:50,6.939,0,57.62,1.405
2/3/2022 5:00,6.871,0,57.21,3.234
2/3/2022 5:10,6.837,0,56.73,2.875
2/3/2022 5:20,6.327,0,59.25,2.94
2/3/2022 5:30,7.143,0,61.36,2.711
2/3/2022 5:40,6.633,0,59.76,1.633
2/3/2022 5:50,6.463,0,56.94,2.221
2/3/2022 6:00,6.599,0,57.76,2.483
2/3/2022 6:10,6.224,0,59.25,1.666
2/3/2022 6:20,6.599,0,61.77,1.503
2/3/2022 6:30,6.19,0,60.41,1.797
2/3/2022 6:40,5.714,0,63.2,1.797
2/3/2022 6:50,5.306,0,64.86,2.973
2/3/2022 7:00,5.17,0,70.14,3.005
2/3/2022 7:10,5.034,0,67.48,2.581
2/3/2022 7:20,4.456,0,69.93,2.613
2/3/2022 7:30,5.068,0,69.93,2.483
2/3/2022 7:40,5.578,0,66.67,2.156
2/3/2022 7:50,5.442,0,67.21,2.842
2/3/2022 8:00,6.327,0,67.21,2.875
2/3/2022 8:10,6.871,0,64.76,2.156
2/3/2022 8:20,8.03,0,63.74,1.96
2/3/2022 8:30,8.71,0,61.22,0.947
2/3/2022 8:40,9.69,0,60.14,1.993
2/3/2022 8:50,9.79,0,58.29,2.842
2/3/2022 9:00,9.72,0,57.41,3.887
2/3/2022 9:10,9.71,0,58.11,3.528
2/3/2022 9:20,9.71,0,58.69,4.018
2/3/2022 9:30,9.61,0,62.02,3.953
2/3/2022 9:40,9.64,0,63.92,3.397
2/3/2022 9:50,9.92,0,65.08,3.005
2/3/2022 10:00,10.46,0,63.65,2.809
2/3/2022 10:10,10.8,0,63.85,1.829
2/3/2022 10:20,10.79,0,65.07,2.221
2/3/2022 10:30,10.58,0,63.09,1.895
2/3/2022 10:40,11.46,0,61.12,1.143
2/3/2022 10:50,11.4,0,58.88,1.274
2/3/2022 11:00,11.53,0,55.95,1.372
2/3/2022 11:10,11.26,0,54.32,1.731
2/3/2022 11:20,10.99,0,57.85,2.809
2/3/2022 11:30,11.05,0,57.75,2.94
2/3/2022 11:40,11.22,0,56.8,3.789
2/3/2022 11:50,11.29,0,61.73,3.887
2/3/2022 12:00,11.43,0,59.89,3.887
2/3/2022 12:10,11.43,0,60.57,4.312
2/3/2022 12:20,11.53,0,60.23,5.161
2/3/2022 12:30,11.6,0,64.65,6.043
2/3/2022 12:40,11.6,0,69.2,6.762
2/3/2022 12:50,11.73,0,71.38,6.468
2/3/2022 13:00,11.8,0,71.11,6.729
2/3/2022 13:10,11.53,0,74.1,6.991
2/3/2022 13:20,11.87,0,74.85,6.795
2/3/2022 13:30,11.73,0,76.41,5.325
2/3/2022 13:40,11.8,0,78.04,4.9
2/3/2022 13:50,11.94,0,79.61,4.704
2/3/2022 14:00,12.04,0,80.1,6.076
2/3/2022 14:10,11.94,0,82.3,6.076
2/3/2022 14:20,12.07,0,82.9,5.815
2/3/2022 14:30,12.07,0,85.1,6.174
2/3/2022 14:40,12.35,0,86.5,6.174
2/3/2022 14:50,12.62,0,87,6.533
2/3/2022 15:00,12.79,0,87.3,5.978
2/3/2022 15:10,12.96,0,83.1,6.141
2/3/2022 15:20,12.82,0,83.3,6.827
2/3/2022 15:30,12.79,0,83.9,6.207
2/3/2022 15:40,12.89,0,85.4,7.383
2/3/2022 15:50,13.23,0,85.1,6.566
2/3/2022 16:00,13.33,0,84.9,5.455
2/3/2022 16:10,13.57,0,84.2,4.9
2/3/2022 16:20,14.18,0,84,5.521
2/3/2022 16:30,14.38,0,81.6,4.312
2/3/2022 16:40,14.62,0,80.6,3.855
2/3/2022 16:50,14.69,0,80.5,2.94
2/3/2022 17:00,14.18,0,80.6,3.495
2/3/2022 17:10,13.5,0,82.9,3.495
2/3/2022 17:20,12.96,0,86.2,2.417
2/3/2022 17:30,12.72,0,88,1.993
2/3/2022 17:40,12.62,0,89.1,1.927
2/3/2022 17:50,12.48,0,89.5,2.417
2/3/2022 18:00,12.28,0,90,2.254
2/3/2022 18:10,12.21,0,90,2.613
2/3/2022 18:20,12.01,0,89.7,1.633
2/3/2022 18:30,11.73,0,90.2,2.45
2/3/2022 18:40,11.67,0,91.2,2.711
2/3/2022 18:50,11.4,0,87.5,3.136
2/3/2022 19:00,11.27,0,87.1,2.352
2/3/2022 19:10,11.14,0,87.2,1.96
2/3/2022 19:20,11.21,0,87.4,1.503
2/3/2022 19:30,11.14,0,86.7,1.372
2/3/2022 19:40,10.97,0,85.6,2.744
2/3/2022 19:50,9.98,0,86.1,3.005
2/3/2022 20:00,9.37,0,85.1,2.875
2/3/2022 20:10,9.68,0,86.2,3.365
2/3/2022 20:20,9.68,0,87.9,3.43
2/3/2022 20:30,10.32,0,88.3,2.417
2/3/2022 20:40,10.19,0,88.7,2.679
2/3/2022 20:50,9.85,0,89.1,3.397
2/3/2022 21:00,9.91,0,90.8,3.397
2/3/2022 21:10,9.91,0,90.6,3.43
2/3/2022 21:20,9.68,0,91.2,3.528
2/3/2022 21:30,9.44,0,92.1,3.43
2/3/2022 21:40,9.98,0,92.5,2.581
2/3/2022 21:50,10.05,0,91.5,3.332
2/3/2022 22:00,10.09,0,90.4,3.397
2/3/2022 22:10,10.15,0,89.8,2.417
2/3/2022 22:20,10.05,0,88.4,2.711
2/3/2022 22:30,8.42,0,87.3,3.463
2/3/2022 22:40,9.1,0,84.1,2.581
2/3/2022 22:50,8.9,0,80.2,1.96
2/3/2022 23:00,8.46,0,79.23,1.568
2/3/2022 23:10,8.94,0,82.4,2.058
2/3/2022 23:20,8.15,0,81.3,1.764
2/3/2022 23:30,8.56,0,82.3,1.503
2/3/2022 23:40,8.02,0,83.7,2.417
2/3/2022 23:50,7.169,0,83.9,2.907
2/4/2022 0:00,6.727,0,85,3.267
2/4/2022 0:10,6.73,0,85.1,2.907
2/4/2022 0:20,7.14,0,85.1,3.332
2/4/2022 0:30,7.175,0,85.8,3.332
2/4/2022 0:40,7.549,0,85.7,3.495
2/4/2022 0:50,7.754,0,87.7,3.267
2/4/2022 1:00,7.891,0,83.3,3.463
2/4/2022 1:10,8.03,0,79.93,3.397
2/4/2022 1:20,8.3,0,79.05,2.973
2/4/2022 1:30,8.44,0,79.59,3.463
2/4/2022 1:40,8.3,0,77.41,3.691
2/4/2022 1:50,8.91,0,76.05,3.691
2/4/2022 2:00,9.11,0,72.11,4.018
2/4/2022 2:10,9.14,0,69.59,4.247
2/4/2022 2:20,9.11,0,67.68,4.083
2/4/2022 2:30,8.7,0,69.44,4.671
2/4/2022 2:40,8.16,0,71.28,4.214
2/4/2022 2:50,8.29,0,71.89,4.443
2/4/2022 3:00,8.22,0,70.46,4.541
2/4/2022 3:10,8.7,0,70.12,4.443
2/4/2022 3:20,8.7,0,68.32,4.541
2/4/2022 3:30,8.56,0,68.15,4.116
2/4/2022 3:40,8.73,0,69.1,3.626
2/4/2022 3:50,8.9,0,68.56,3.789
2/4/2022 4:00,9.04,0,66.69,3.659
2/4/2022 4:10,8.56,0,69.17,2.907
2/4/2022 4:20,7.373,0,71.01,1.666
2/4/2022 4:30,6.523,0,73.19,2.352
2/4/2022 4:40,6.116,0,74.35,2.809
2/4/2022 4:50,5.677,0,75.24,3.365
2/4/2022 5:00,5.748,0,76.6,3.985
2/4/2022 5:10,6.531,0,76.46,3.495
2/4/2022 5:20,7.075,0,72.11,3.169
2/4/2022 5:30,7.211,0,71.97,2.515
2/4/2022 5:40,6.531,0,72.24,1.503
2/4/2022 5:50,6.803,0,71.84,1.666
2/4/2022 6:00,6.531,0,72.18,1.405
2/4/2022 6:10,6.497,0,74.76,1.111
2/4/2022 6:20,6.599,0,75.65,3.299
2/4/2022 6:30,5.714,0,76.19,4.835
2/4/2022 6:40,6.122,0,76.33,5.847
2/4/2022 6:50,6.565,0,71.97,5.651
2/4/2022 7:00,6.565,0,71.63,5.684
2/4/2022 7:10,6.122,0,72.99,5.39
2/4/2022 7:20,6.599,0,72.79,4.835
2/4/2022 7:30,6.258,0,72.28,5.651
2/4/2022 7:40,6.599,0,71.09,4.149
2/4/2022 7:50,7.279,0,70.27,4.181
2/4/2022 8:00,7.959,0,68.3,3.691
2/4/2022 8:10,7.959,0,66.46,3.953
2/4/2022 8:20,7.549,0,67.82,4.051
2/4/2022 8:30,7.851,0,68.46,3.397
2/4/2022 8:40,8.29,0,68.77,3.789
2/4/2022 8:50,8.9,0,66.82,3.561
2/4/2022 9:00,9.58,0,65.56,2.973
2/4/2022 9:10,10.05,0,64.54,3.724
2/4/2022 9:20,10.53,0,62.63,3.92
2/4/2022 9:30,11.21,0,61.99,4.867
2/4/2022 9:40,11.14,0,66.71,5.423
2/4/2022 9:50,10.73,0,64.26,4.345
2/4/2022 10:00,10.59,0,63.78,4.835
2/4/2022 10:10,11.13,0,67.32,4.606
2/4/2022 10:20,11.26,0,64.52,4.475
2/4/2022 10:30,11.4,0,63.43,3.855
2/4/2022 10:40,11.46,0,65.06,3.593
2/4/2022 10:50,11.53,0,67.17,3.234
2/4/2022 11:00,11.67,0,65.6,3.038
2/4/2022 11:10,11.8,0,67.85,3.038
2/4/2022 11:20,11.87,0,67.54,2.907
2/4/2022 11:30,12.28,0,67.54,2.613
2/4/2022 11:40,12.62,0,68.39,3.136
2/4/2022 11:50,12.82,0,67.51,2.973
2/4/2022 12:00,13.37,0,65.94,2.254
2/4/2022 12:10,13.4,0,64.92,2.189
2/4/2022 12:20,13.84,0,62.2,2.352
2/4/2022 12:30,14.38,0,53.43,2.319
2/4/2022 12:40,14.69,0,56.56,2.352
2/4/2022 12:50,13.98,0,57.92,2.548
2/4/2022 13:00,14.72,0,53.16,2.221
2/4/2022 13:10,14.85,0,60.29,2.221
2/4/2022 13:20,15.6,0,49.69,2.679
2/4/2022 13:30,15.94,0,57.57,2.94
2/4/2022 13:40,16.04,0,42.55,1.241
2/4/2022 13:50,16.14,0,51.11,2.385
2/4/2022 14:00,16.55,0,52.95,1.535
2/4/2022 14:10,16.41,0,64.03,1.927
2/4/2022 14:20,16.55,0,60.76,1.307
2/4/2022 14:30,15.87,0,55.19,1.339
2/4/2022 14:40,16.01,0,63.55,1.927
2/4/2022 14:50,15.4,0,63.21,1.993
2/4/2022 15:00,16.28,0,60.02,2.319
2/4/2022 15:10,15.87,0,70.89,3.789
2/4/2022 15:20,15.46,0,59.13,4.149
2/4/2022 15:30,14.92,0,74.36,5.194
2/4/2022 15:40,14.92,0,71.84,5.063
2/4/2022 15:50,15.16,0,72.12,5.259
2/4/2022 16:00,16.41,0,51.25,4.802
2/4/2022 16:10,16.65,0,56.41,4.083
2/4/2022 16:20,16.21,0,56.96,4.149
2/4/2022 16:30,16.69,0,53.49,3.724
2/4/2022 16:40,16.75,0,46.59,2.907
2/4/2022 16:50,16.82,0,66.47,2.679
2/4/2022 17:00,16.18,0,53.15,3.985
2/4/2022 17:10,16.07,0,41.26,4.41
2/4/2022 17:20,15.87,0,56.11,4.508
2/4/2022 17:30,14.65,0,53.29,4.671
2/4/2022 17:40,15.06,0,52.41,4.345
2/4/2022 17:50,14.93,0,38.95,3.234
2/4/2022 18:00,14.72,0,49.9,3.201
2/4/2022 18:10,12.89,0,57.78,2.744
2/4/2022 18:20,12.48,0,49.73,3.201
2/4/2022 18:30,12.35,0,49.69,3.005
2/4/2022 18:40,12.62,0,41.61,3.43
2/4/2022 18:50,12.08,0,41.81,3.724
2/4/2022 19:00,12.01,0,44.6,3.528
2/4/2022 19:10,11.61,0,45.28,3.005
2/4/2022 19:20,12.22,0,40.39,3.593
2/4/2022 19:30,12.63,0,40.66,3.365
2/4/2022 19:40,11.85,0,40.8,3.267
2/4/2022 19:50,11.58,0,42.71,3.169
2/4/2022 20:00,12.13,0,41.55,2.777
2/4/2022 20:10,12.4,0,44.13,1.764
2/4/2022 20:20,12.16,0,51.07,1.078
2/4/2022 20:30,11.51,0,53.66,1.666
2/4/2022 20:40,10.87,0,49.85,2.123
2/4/2022 20:50,10.53,0,52.13,1.993
2/4/2022 21:00,10.53,0,54.34,2.646
2/4/2022 21:10,10.05,0,60.66,3.201
2/4/2022 21:20,11.96,0,58.89,3.071
2/4/2022 21:30,11.75,0,56.14,2.123
2/4/2022 21:40,9.68,0,57.26,1.666
2/4/2022 21:50,9.57,0,61.48,2.058
2/4/2022 22:00,9.3,0,57.06,2.156
2/4/2022 22:10,9.3,0,57.33,2.875
2/4/2022 22:20,8.69,0,57.87,3.691
2/4/2022 22:30,8.93,0,61.2,3.593
2/4/2022 22:40,8.96,0,58.62,4.965
2/4/2022 22:50,8.83,0,59.98,5.259
2/4/2022 23:00,9.31,0,59.3,5.521
2/4/2022 23:10,9.78,0,56.38,5.129
2/4/2022 23:20,9.68,0,56.52,4.41
2/4/2022 23:30,10.23,0,55.39,4.508
2/4/2022 23:40,10.46,0,52.64,3.136
2/4/2022 23:50,9.92,0,57.19,2.875
2/5/2022 0:00,8.93,0,59.98,3.005
2/5/2022 0:10,8.56,0,63.04,2.973
2/5/2022 0:20,7.638,0,65.01,3.691
2/5/2022 0:30,7.744,0,64.68,3.528
2/5/2022 0:40,7.814,0,63.59,3.593
2/5/2022 0:50,8.29,0,62.98,3.463
2/5/2022 1:00,8.15,0,63.87,3.299
2/5/2022 1:10,8.56,0,62.91,3.169
2/5/2022 1:20,8.5,0,66.62,1.731
2/5/2022 1:30,7.202,0,67.4,2.809
2/5/2022 1:40,7.271,0,67.13,3.267
2/5/2022 1:50,7.951,0,65.7,2.973
2/5/2022 2:00,8.16,0,62.41,1.895
2/5/2022 2:10,7.748,0,65.03,2.156
2/5/2022 2:20,7.137,0,65.23,2.123
2/5/2022 2:30,7.548,0,65.64,0.784
2/5/2022 2:40,7.822,0,66.42,1.731
2/5/2022 2:50,7.822,0,61.9,1.405
2/5/2022 3:00,7.517,0,64.76,0.196
2/5/2022 3:10,7.075,0,65.99,1.503
2/5/2022 3:20,7.279,0,65.1,1.993
2/5/2022 3:30,7.143,0,67.65,2.777
2/5/2022 3:40,7.007,0,67.82,2.711
2/5/2022 3:50,7.007,0,67.55,2.613
2/5/2022 4:00,6.02,0,70.85,3.267
2/5/2022 4:10,5.646,0,71.05,3.234
2/5/2022 4:20,5.714,0,70.07,3.659
2/5/2022 4:30,5.782,0,69.66,3.757
2/5/2022 4:40,5.782,0,69.59,3.822
2/5/2022 4:50,5.51,0,70.54,3.136
2/5/2022 5:00,5.374,0,70.68,2.679
2/5/2022 5:10,5.476,0,69.59,2.548
2/5/2022 5:20,5.51,0,69.52,3.038
2/5/2022 5:30,5.476,0,70.07,3.299
2/5/2022 5:40,5.476,0,70.34,3.169
2/5/2022 5:50,5.238,0,70.54,2.973
2/5/2022 6:00,5.578,0,70.48,4.867
2/5/2022 6:10,6.156,0,67.07,4.802
2/5/2022 6:20,6.361,0,65.24,4.508
2/5/2022 6:30,7.007,0,63.2,4.377
2/5/2022 6:40,7.687,0,60.41,3.953
2/5/2022 6:50,7.789,0,57.28,3.561
2/5/2022 7:00,7.687,0,57.48,2.744
2/5/2022 7:10,7.585,0,57.41,2.809
2/5/2022 7:20,7.551,0,62.45,3.103
2/5/2022 7:30,6.667,0,62.59,3.757
2/5/2022 7:40,6.258,0,65.37,3.136
2/5/2022 7:50,5.85,0,68.1,4.051
2/5/2022 8:00,6.531,0,66.19,4.181
2/5/2022 8:10,7.211,0,64.97,3.071
2/5/2022 8:20,7.959,0,66.33,2.091
2/5/2022 8:30,7.957,0,65.71,1.96
2/5/2022 8:40,7.612,0,64.21,1.143
2/5/2022 8:50,7.951,0,65.67,0.719
2/5/2022 9:00,8.63,0,66.72,1.535
2/5/2022 9:10,9.31,0,65.57,1.666
2/5/2022 9:20,9.71,0,60.53,1.96
2/5/2022 9:30,10.05,0,57.94,1.862
2/5/2022 9:40,10.46,0,58.01,1.666
2/5/2022 9:50,11.34,0,57.94,0.817
2/5/2022 10:00,11.55,0,59.3,1.241
2/5/2022 10:10,11.82,0,59.64,0.817
2/5/2022 10:20,11.88,0,57.79,1.241
2/5/2022 10:30,12.08,0,56.09,1.274
2/5/2022 10:40,12.48,0,56.12,1.339
2/5/2022 10:50,12.62,0,56.42,1.503
2/5/2022 11:00,12.82,0,63.09,1.405
2/5/2022 11:10,12.75,0,65.94,2.091
2/5/2022 11:20,12.62,0,65.47,1.274
2/5/2022 11:30,12.35,0,66.28,2.189
2/5/2022 11:40,11.73,0,63.83,3.267
2/5/2022 11:50,11.63,0,67.17,3.43
2/5/2022 12:00,11.94,0,69.41,3.299
2/5/2022 12:10,12.04,0,71.38,3.561
2/5/2022 12:20,11.94,0,73.28,3.92
2/5/2022 12:30,11.94,0,74.64,4.312
2/5/2022 12:40,12.07,0,76.14,4.835
2/5/2022 12:50,12.14,0,75.87,5.357
2/5/2022 13:00,12.35,0,77.91,5.194
2/5/2022 13:10,12.62,0,78.79,5.031
2/5/2022 13:20,12.89,0,78.45,4.671
2/5/2022 13:30,12.99,0,79.33,4.998
2/5/2022 13:40,13.37,0,78.99,4.573
2/5/2022 13:50,13.23,0,80.2,5.096
2/5/2022 14:00,13.16,0,79.74,4.965
2/5/2022 14:10,13.03,0,79.06,4.867
2/5/2022 14:20,12.72,0,80.6,5.259
2/5/2022 14:30,12.72,0,81.7,5.553
2/5/2022 14:40,12.48,0,82.6,5.488
2/5/2022 14:50,12.75,0,82,5.847
2/5/2022 15:00,13.57,0,81.1,4.737
2/5/2022 15:10,13.77,0,80.9,6.599
2/5/2022 15:20,12.89,0,82.7,6.272
2/5/2022 15:30,12.69,0,83.7,5.847
2/5/2022 15:40,12.69,0,85,5.684
2/5/2022 15:50,12.58,0,85.7,5.978
2/5/2022 16:00,12.58,0,85.9,5.815
2/5/2022 16:10,12.62,0,86.9,5.717
2/5/2022 16:20,12.58,0,86.7,5.717
2/5/2022 16:30,12.75,0,85.8,5.259
2/5/2022 16:40,12.72,0,83.7,5.749
2/5/2022 16:50,12.65,0,81.6,5.782
2/5/2022 17:00,12.62,0,80.4,5.815
2/5/2022 17:10,12.55,0,80.6,5.847
2/5/2022 17:20,12.35,0,81.6,4.933
2/5/2022 17:30,11.94,0,83.3,3.789
2/5/2022 17:40,11.53,0,84.4,3.267
2/5/2022 17:50,11.33,0,85.5,2.221
2/5/2022 18:00,11.53,0,85.7,1.437
2/5/2022 18:10,11.81,0,85.5,1.339
2/5/2022 18:20,11.81,0,84.2,1.241
2/5/2022 18:30,11.95,0,85,1.699
2/5/2022 18:40,11.58,0,85.5,3.234
2/5/2022 18:50,11,0,87.9,3.332
2/5/2022 19:00,11.41,0,88,1.307
2/5/2022 19:10,11.28,0,87.6,1.797
2/5/2022 19:20,11.41,0,89.1,1.797
2/5/2022 19:30,11.34,0,89.6,1.535
2/5/2022 19:40,11.24,0,90.8,2.875
2/5/2022 19:50,11.04,0,90.6,2.842
2/5/2022 20:00,11.07,0,90.2,3.005
2/5/2022 20:10,11.55,0,87.9,2.417
2/5/2022 20:20,11.82,0,71.68,1.731
2/5/2022 20:30,11.48,0,72.02,0.817
2/5/2022 20:40,11.82,0,67.46,1.47
2/5/2022 20:50,11.99,0,73.51,1.241
2/5/2022 21:00,12.02,0,82.8,1.699
2/5/2022 21:10,12.16,0,83.9,1.078
2/5/2022 21:20,12.16,0,80.2,0.98
2/5/2022 21:30,11.96,0,84.6,1.731
2/5/2022 21:40,11.17,0,85.1,1.699
2/5/2022 21:50,10.46,0,83.1,2.646
2/5/2022 22:00,11.11,0,79.56,2.613
2/5/2022 22:10,11.11,0,79.73,2.777
2/5/2022 22:20,10.32,0,75.69,2.287
2/5/2022 22:30,10.8,0,74.13,2.548
2/5/2022 22:40,10.73,0,72.08,2.875
2/5/2022 22:50,9.92,0,70.32,2.123
2/5/2022 23:00,9.41,0,69.37,3.103
2/5/2022 23:10,9.44,0,68.14,3.005
2/5/2022 23:20,9.41,0,67.47,3.267
2/5/2022 23:30,9.34,0,66.79,2.973
2/5/2022 23:40,9.65,0,64.21,2.973
2/5/2022 23:50,9.24,0,64.21,3.463
2/6/2022 0:00,8.83,0,63.59,2.613
2/6/2022 0:10,8.46,0,63.32,2.875
2/6/2022 0:20,8.9,0,65.43,2.646
2/6/2022 0:30,9.04,0,65.4,1.568
2/6/2022 0:40,8.53,0,63.9,2.907
2/6/2022 0:50,8.09,0,65.16,3.43
2/6/2022 1:00,8.8,0,65.19,2.417
2/6/2022 1:10,8.84,0,63.29,3.561
2/6/2022 1:20,8.84,0,63.19,3.757
2/6/2022 1:30,8.73,0,64.41,3.365
2/6/2022 1:40,8.16,0,65.91,3.92
2/6/2022 1:50,9.92,0,63.19,4.573
2/6/2022 2:00,9.41,0,58.97,3.169
2/6/2022 2:10,9.24,0,66.18,3.43
2/6/2022 2:20,9.01,0,64.68,3.92
2/6/2022 2:30,8.87,0,65.3,3.528
2/6/2022 2:40,8.56,0,63.25,4.671
2/6/2022 2:50,8.33,0,64.41,5.39
2/6/2022 3:00,8.39,0,62.85,4.998
2/6/2022 3:10,8.02,0,64.34,3.789
2/6/2022 3:20,8.26,0,63.25,3.855
2/6/2022 3:30,8.33,0,62.1,4.835
2/6/2022 3:40,8.09,0,63.05,5.129
2/6/2022 3:50,7.747,0,65.4,4.312
2/6/2022 4:00,7.951,0,65.4,4.704
2/6/2022 4:10,8.05,0,62.85,5.259
2/6/2022 4:20,8.36,0,62.64,4.541
2/6/2022 4:30,8.56,0,61.83,4.247
2/6/2022 4:40,9.24,0,60.81,4.083
2/6/2022 4:50,9.18,0,59.75,4.083
2/6/2022 5:00,8.9,0,60.67,3.626
2/6/2022 5:10,8.63,0,61.49,3.201
2/6/2022 5:20,8.33,0,62.85,2.679
2/6/2022 5:30,8.02,0,67.68,3.005
2/6/2022 5:40,6.523,0,71.69,3.038
2/6/2022 5:50,5.981,0,71.63,1.993
2/6/2022 6:00,5.78,0,73.06,1.862
2/6/2022 6:10,6.496,0,73.74,1.568
2/6/2022 6:20,6.598,0,74.56,1.437
2/6/2022 6:30,6.054,0,73.74,2.221
2/6/2022 6:40,5.646,0,74.42,2.548
2/6/2022 6:50,6.667,0,74.83,2.287
2/6/2022 7:00,6.633,0,71.9,1.895
2/6/2022 7:10,6.327,0,73.47,2.254
2/6/2022 7:20,5.238,0,76.6,3.201
2/6/2022 7:30,5.374,0,76.6,3.267
2/6/2022 7:40,6.395,0,75.95,3.005
2/6/2022 7:50,7.857,0,73.88,2.679
2/6/2022 8:00,7.687,0,72.11,2.189
2/6/2022 8:10,8.37,0,69.52,1.372
2/6/2022 8:20,9.79,0,71.15,1.045
2/6/2022 8:30,9.69,0,71.9,0.327
2/6/2022 8:40,10.53,0,72.37,0.784
2/6/2022 8:50,10.26,0,74.47,1.503
2/6/2022 9:00,10.12,0,74.94,1.111
2/6/2022 9:10,10.46,0,74.06,1.764
2/6/2022 9:20,10.46,0,72.83,1.993
2/6/2022 9:30,10.59,0,69.84,1.666
2/6/2022 9:40,10.68,0,69.76,0.882
2/6/2022 9:50,10.99,0,71.45,1.437
2/6/2022 10:00,11.13,0,70.77,3.593
2/6/2022 10:10,11.53,0,71.69,3.822
2/6/2022 10:20,11.43,0,72.27,2.777
2/6/2022 10:30,11.63,0,73.49,3.234
2/6/2022 10:40,11.26,0,72.13,3.071
2/6/2022 10:50,11.39,0,74.71,2.613
2/6/2022 11:00,11.43,0,75.93,3.267
2/6/2022 11:10,11.53,0,75.46,3.365
2/6/2022 11:20,11.53,0,74.78,3.463
2/6/2022 11:30,11.73,0,74.3,3.234
2/6/2022 11:40,11.8,0,75.46,3.495
2/6/2022 11:50,12.07,0,76.55,3.822
2/6/2022 12:00,12.07,0,79.13,3.887
2/6/2022 12:10,12.45,0,83.2,4.671
2/6/2022 12:20,12.58,0,83.6,4.737
2/6/2022 12:30,12.62,0,83.2,5.684
2/6/2022 12:40,12.62,0,83.3,5.488
2/6/2022 12:50,12.62,0,84,5.455
2/6/2022 13:00,12.41,0,84.2,5.292
2/6/2022 13:10,12.41,0,84.4,5.913
2/6/2022 13:20,12.55,0,84.2,6.337
2/6/2022 13:30,12.62,0,84.6,6.37
2/6/2022 13:40,12.62,0,86.3,5.88
2/6/2022 13:50,12.62,0,87.2,6.566
2/6/2022 14:00,12.69,0,87.7,6.207
2/6/2022 14:10,12.75,0,87.6,6.239
2/6/2022 14:20,13.06,0,87.6,5.619
2/6/2022 14:30,13.23,0,86.4,5.488
2/6/2022 14:40,13.3,0,87.1,5.488
2/6/2022 14:50,13.16,0,87.3,5.161
2/6/2022 15:00,13.3,0,85.8,4.9
2/6/2022 15:10,13.3,0,87.4,4.998
2/6/2022 15:20,13.33,0,87.6,5.063
2/6/2022 15:30,13.57,0,86.3,4.214
2/6/2022 15:40,13.5,0,86.2,5.717
2/6/2022 15:50,14.25,0,79.81,5.063
2/6/2022 16:00,14.72,0,78.45,4.541
2/6/2022 16:10,16.15,0,76.41,3.365
2/6/2022 16:20,16.9,0,77.23,3.887
2/6/2022 16:30,14.45,0,77.77,5.945
2/6/2022 16:40,14.69,0,75.32,4.377
2/6/2022 16:50,14.72,0,75.46,3.822
2/6/2022 17:00,16.22,0,71.92,4.181
2/6/2022 17:10,16.63,0,67.16,5.684
2/6/2022 17:20,14.66,0,72.88,4.965
2/6/2022 17:30,14.25,0,72.81,4.051
2/6/2022 17:40,16.19,0,62.68,4.606
2/6/2022 17:50,16.56,0,42.15,4.083
2/6/2022 18:00,16.02,0,45.55,1.797
2/6/2022 18:10,15.88,0,44.87,1.372
2/6/2022 18:20,15.47,0,52.28,1.339
2/6/2022 18:30,14.93,0,57.31,0.849
2/6/2022 18:40,13.77,0,63.56,1.111
2/6/2022 18:50,12.96,0,64.65,1.241
2/6/2022 19:00,12.76,0,63.5,1.47
2/6/2022 19:10,13.44,0,58.33,1.241
2/6/2022 19:20,13.07,0,56.57,2.613
2/6/2022 19:30,13.58,0,56.37,2.385
2/6/2022 19:40,12.36,0,59.13,1.797
2/6/2022 19:50,12.7,0,61,2.515
2/6/2022 20:00,12.97,0,57.87,2.254
2/6/2022 20:10,12.91,0,57.02,1.601
2/6/2022 20:20,13.04,0,60.25,1.241
2/6/2022 20:30,12.64,0,62.56,1.274
2/6/2022 20:40,12.06,0,69.57,0.947
2/6/2022 20:50,11.62,0,67.05,1.307
2/6/2022 21:00,11.99,0,58.62,1.47
2/6/2022 21:10,12.09,0,58.35,1.241
2/6/2022 21:20,12.02,0,58.28,0.98
2/6/2022 21:30,12.09,0,59.13,0.784
2/6/2022 21:40,11.68,0,60.73,1.437
2/6/2022 21:50,11.41,0,60.42,2.287
2/6/2022 22:00,11.48,0,61.68,2.025
2/6/2022 22:10,11.41,0,58.35,1.568
2/6/2022 22:20,11.62,0,67.94,1.47
2/6/2022 22:30,11,0,72.66,1.437
2/6/2022 22:40,11.28,0,73.68,1.241
2/6/2022 22:50,11.31,0,73.51,0.751
2/6/2022 23:00,10.39,0,74.12,1.013
2/6/2022 23:10,9.91,0,72.7,1.927
2/6/2022 23:20,9.23,0,73.58,2.777
2/6/2022 23:30,9.44,0,73.58,2.809
2/6/2022 23:40,9.85,0,68.96,3.267
2/6/2022 23:50,10.19,0,64.95,2.907
2/7/2022 0:00,10.09,0,63.32,2.907
2/7/2022 0:10,9.44,0,62.43,2.613
2/7/2022 0:20,10.05,0,58.69,3.103
2/7/2022 0:30,10.6,0,50.26,3.822
2/7/2022 0:40,11.14,0,49.24,4.639
2/7/2022 0:50,11.69,0,49.37,4.867
2/7/2022 1:00,11.68,0,50.53,4.606
2/7/2022 1:10,11.96,0,51.34,3.887
2/7/2022 1:20,11.58,0,56.24,3.463
2/7/2022 1:30,11,0,57.94,3.267
2/7/2022 1:40,10.8,0,62.36,2.777
2/7/2022 1:50,10.94,0,64.74,2.254
2/7/2022 2:00,10.05,0,63.31,2.679
2/7/2022 2:10,9.61,0,64.81,2.613
2/7/2022 2:20,10.05,0,63.04,2.156
2/7/2022 2:30,8.89,0,64.06,2.091
2/7/2022 2:40,8.79,0,64.88,2.352
2/7/2022 2:50,9.03,0,61.82,2.156
2/7/2022 3:00,8.97,0,62.98,2.45
2/7/2022 3:10,7.949,0,64.78,2.973
2/7/2022 3:20,8.09,0,66.18,2.809
2/7/2022 3:30,7.951,0,67,2.94
2/7/2022 3:40,7.951,0,66.11,1.96
2/7/2022 3:50,7.952,0,67.3,1.797
2/7/2022 4:00,7.476,0,70.33,2.548
2/7/2022 4:10,7.751,0,70.33,2.058
2/7/2022 4:20,7.753,0,69.11,1.307
2/7/2022 4:30,7.753,0,70.68,1.666
2/7/2022 4:40,7.823,0,71.02,0.947
2/7/2022 4:50,8.5,0,68.71,2.025
2/7/2022 5:00,8.03,0,69.93,2.352
2/7/2022 5:10,8.98,0,67.07,1.895
2/7/2022 5:20,8.78,0,69.39,2.091
2/7/2022 5:30,8.64,0,69.05,2.777
2/7/2022 5:40,8.37,0,69.73,1.829
2/7/2022 5:50,7.347,0,71.63,1.209
2/7/2022 6:00,7.313,0,72.93,1.339
2/7/2022 6:10,6.599,0,73.47,1.862
2/7/2022 6:20,5.986,0,73.81,2.091
2/7/2022 6:30,5.85,0,73.81,2.417
2/7/2022 6:40,6.395,0,73.67,2.385
2/7/2022 6:50,6.395,0,72.04,2.156
2/7/2022 7:00,5.85,0,74.83,3.267
2/7/2022 7:10,5.136,0,76.26,3.136
2/7/2022 7:20,5.476,0,75.78,3.038
2/7/2022 7:30,6.19,0,76.6,3.267
2/7/2022 7:40,6.327,0,75.51,2.907
2/7/2022 7:50,5.952,0,76.73,3.169
2/7/2022 8:00,7.551,0,76.46,2.875
2/7/2022 8:10,8.5,0,73.81,1.568
2/7/2022 8:20,8.77,0,75.03,0.947
2/7/2022 8:30,8.97,0,77.54,1.013
2/7/2022 8:40,9.72,0,78.66,1.339
2/7/2022 8:50,10.02,0,76.92,1.143
2/7/2022 9:00,10.53,0,76.71,1.274
2/7/2022 9:10,11,0,74.91,1.241
2/7/2022 9:20,11.07,0,73.61,0.686
2/7/2022 9:30,10.94,0,73.37,0.98
2/7/2022 9:40,11.23,0,73.03,1.209
2/7/2022 9:50,11.87,0,71.59,0.719
2/7/2022 10:00,11.8,0,67.57,0.849
2/7/2022 10:10,11.22,0,69.41,2.189
2/7/2022 10:20,11.12,0,74.37,3.038
2/7/2022 10:30,11.12,0,74.85,3.528
2/7/2022 10:40,11.33,0,74.51,4.181
2/7/2022 10:50,11.43,0,76.58,4.279
2/7/2022 11:00,11.46,0,76.82,4.018
2/7/2022 11:10,11.33,0,77.63,4.083
2/7/2022 11:20,11.46,0,80.6,4.279
2/7/2022 11:30,11.39,0,82.7,5.227
2/7/2022 11:40,11.26,0,84.3,5.129
2/7/2022 11:50,11.39,0,84.4,5.325
2/7/2022 12:00,11.6,0,83.8,6.076
2/7/2022 12:10,11.8,0,82.7,6.011
2/7/2022 12:20,11.67,0,82,5.782
2/7/2022 12:30,12.21,0,78.72,5.684
2/7/2022 12:40,12.24,0,81.2,6.272
2/7/2022 12:50,12.11,0,84.4,7.121
2/7/2022 13:00,12.21,0,86.5,7.611
2/7/2022 13:10,12.21,0,87.4,8.95
2/7/2022 13:20,12.35,0,88.1,8.17
2/7/2022 13:30,12.28,0,87.8,9.08
2/7/2022 13:40,12.35,0,87.6,8.75
2/7/2022 13:50,12.55,0,85.9,8.72
2/7/2022 14:00,12.48,0,86.8,8.23
2/7/2022 14:10,12.62,0,87.7,8.69
2/7/2022 14:20,12.62,0,87.7,7.971
2/7/2022 14:30,12.62,0,86.8,7.513
2/7/2022 14:40,12.69,0,85.2,8.07
2/7/2022 14:50,12.69,0,86.5,8.3
2/7/2022 15:00,12.69,0,86.2,7.775
2/7/2022 15:10,12.79,0,86.1,8.23
2/7/2022 15:20,12.96,0,85.5,7.285
2/7/2022 15:30,13.03,0,85.8,7.154
2/7/2022 15:40,13.16,0,85.7,6.827
2/7/2022 15:50,13.37,0,84.6,6.533
2/7/2022 16:00,13.16,0,85.8,7.448
2/7/2022 16:10,13.06,0,85.9,6.991
2/7/2022 16:20,13.03,0,87.4,7.383
2/7/2022 16:30,12.92,0,88.2,7.971
2/7/2022 16:40,12.89,0,87.4,7.905
2/7/2022 16:50,13.16,0,86.4,6.239
2/7/2022 17:00,13.09,0,86.3,6.011
2/7/2022 17:10,13.09,0,86.6,5.945
2/7/2022 17:20,12.96,0,86.9,6.762
2/7/2022 17:30,12.72,0,87.8,6.697
2/7/2022 17:40,12.75,0,87.6,5.194
2/7/2022 17:50,12.75,0,88,3.724
2/7/2022 18:00,12.62,0,88.1,3.234
2/7/2022 18:10,12.35,0,87.7,1.993
2/7/2022 18:20,11.6,0,87.7,1.633
2/7/2022 18:30,11.97,0,87.6,1.045
2/7/2022 18:40,12.52,0,87.6,1.568
2/7/2022 18:50,12.83,0,88,1.96
2/7/2022 19:00,12.7,0,88.3,1.307
2/7/2022 19:10,12.63,0,87.8,1.307
2/7/2022 19:20,12.53,0,88.4,1.274
2/7/2022 19:30,12.16,0,88.3,0.653
2/7/2022 19:40,11.41,0,89.2,0.882
2/7/2022 19:50,11.48,0,89.2,1.797
2/7/2022 20:00,10.22,0,86.6,2.417
2/7/2022 20:10,10.94,0,83.7,2.679
2/7/2022 20:20,11.41,0,83.5,3.332
2/7/2022 20:30,11.41,0,85,2.613
2/7/2022 20:40,11.48,0,86.7,3.561
2/7/2022 20:50,11.34,0,88.4,3.985
2/7/2022 21:00,11.38,0,88.7,4.639
2/7/2022 21:10,11.14,0,89.2,4.443
2/7/2022 21:20,11.14,0,89.1,3.201
2/7/2022 21:30,10.73,0,88,1.568
2/7/2022 21:40,10.46,0,86.1,2.091
2/7/2022 21:50,10.6,0,83,2.091
2/7/2022 22:00,10.6,0,82.1,1.307
2/7/2022 22:10,9.17,0,78.71,1.895
2/7/2022 22:20,8.86,0,77.66,1.895
2/7/2022 22:30,8.83,0,77.66,1.731
2/7/2022 22:40,9,0,78.85,2.287
2/7/2022 22:50,8.69,0,78.89,2.385
2/7/2022 23:00,8.97,0,77.53,2.842
2/7/2022 23:10,9.04,0,76.31,3.136
2/7/2022 23:20,9.14,0,74.07,3.005
2/7/2022 23:30,8.7,0,75.7,2.417
2/7/2022 23:40,8.29,0,77.06,2.417
2/7/2022 23:50,8.36,0,76.86,2.189
2/8/2022 0:00,8.32,0,76.86,1.372
2/8/2022 0:10,8.16,0,77.67,2.189
2/8/2022 0:20,8.16,0,76.59,2.221
2/8/2022 0:30,8.29,0,76.52,1.372
2/8/2022 0:40,8.77,0,76.11,0.817
2/8/2022 0:50,8.9,0,76.83,2.287
2/8/2022 1:00,7.748,0,77.17,2.025
2/8/2022 1:10,7.953,0,76.32,1.666
2/8/2022 1:20,7.989,0,75.84,2.123
2/8/2022 1:30,7.989,0,76.73,1.895
2/8/2022 1:40,7.956,0,76.39,1.862
2/8/2022 1:50,7.243,0,79.79,2.907
2/8/2022 2:00,8.03,0,79.32,2.483
2/8/2022 2:10,8.43,0,75.78,1.764
2/8/2022 2:20,7.585,0,78.44,2.319
2/8/2022 2:30,7.347,0,78.37,2.744
2/8/2022 2:40,7.483,0,76.53,2.679
2/8/2022 2:50,7.755,0,73.61,1.568
2/8/2022 3:00,7.483,0,74.29,2.319
2/8/2022 3:10,7.313,0,74.76,2.058
2/8/2022 3:20,7.925,0,75.78,1.013
2/8/2022 3:30,7.551,0,75.65,1.045
2/8/2022 3:40,7.551,0,75.58,0.098
2/8/2022 3:50,7.415,0,76.19,1.176
2/8/2022 4:00,6.803,0,79.12,1.209
2/8/2022 4:10,6.327,0,79.73,0.686
2/8/2022 4:20,7.143,0,81.2,0.163
2/8/2022 4:30,6.803,0,80.4,1.111
2/8/2022 4:40,6.122,0,82,1.731
2/8/2022 4:50,7.007,0,82.1,1.437
2/8/2022 5:00,7.313,0,79.66,1.47
2/8/2022 5:10,7.279,0,78.98,1.601
2/8/2022 5:20,7.415,0,76.73,1.241
2/8/2022 5:30,6.667,0,79.42,1.307
2/8/2022 5:40,6.19,0,79.66,1.797
2/8/2022 5:50,6.463,0,81.6,1.666
2/8/2022 6:00,5.85,0,82.2,1.535
2/8/2022 6:10,5.714,0,83.6,1.078
2/8/2022 6:20,5.85,0,83.5,1.176
2/8/2022 6:30,6.122,0,83.3,1.372
2/8/2022 6:40,6.054,0,82.2,1.307
2/8/2022 6:50,6.361,0,82.4,1.241
2/8/2022 7:00,6.327,0,84.2,2.221
2/8/2022 7:10,5.85,0,83.9,1.797
2/8/2022 7:20,6.122,0,84.9,2.613
2/8/2022 7:30,5.986,0,84,3.005
2/8/2022 7:40,7.075,0,85.7,2.515
2/8/2022 7:50,7.551,0,82.5,1.47
2/8/2022 8:00,6.939,0,81,2.221
2/8/2022 8:10,7.755,0,81.4,2.123
2/8/2022 8:20,8.57,0,83,2.515
2/8/2022 8:30,8.84,0,83.7,2.515
2/8/2022 8:40,9.28,0,86.2,2.091
2/8/2022 8:50,9.95,0,87.1,1.372
2/8/2022 9:00,9.88,0,87.7,1.633
2/8/2022 9:10,9.98,0,88.2,1.209
2/8/2022 9:20,10.19,0,87.9,1.601
2/8/2022 9:30,10.39,0,88.3,1.699
2/8/2022 9:40,10.39,0,88.7,1.633
2/8/2022 9:50,10.51,0,89.5,1.829
2/8/2022 10:00,10.75,0,90.7,2.221
2/8/2022 10:10,10.72,0,91.5,2.319
2/8/2022 10:20,10.75,0,91.4,2.123
2/8/2022 10:30,10.92,0,91,2.842
